user_name,fantasy_name,final_change,fb
Maisie Yen,Never Gonna Say Goodbye,-8845.213664525007,2862.9909858703613
Andy Ye,Never Gonna Run Around and Desert You,44780.31275216007,55136.361808776855
Sandy He,Never Gonna Give You Up,-12281.013532025681,-7098.429286956787
Jacy Sen,Never Gonna Tell A Lie and Hurt You,98231.94098349627,99363.83866500854
Randy Le,Never Gonna Let You Down,42778.5961584865,43238.48859024048
Daisy Wen,Never Gonna Make You Cry,259306.99455918476,258952.51734161377
